{
  "train_loss": [
    0.4476079629815143,
    0.1997154759971992,
    0.12517401397876118,
    0.13548313259430553,
    0.10548053139253803
  ],
  "val_loss": [
    0.3063900371392568,
    0.11786710470914841,
    0.1423892950018247,
    0.11189956838885944,
    0.09301112902661164
  ],
  "train_acc": [
    0.7910863509749304,
    0.924791086350975,
    0.9568245125348189,
    0.9498607242339833,
    0.9637883008356546
  ],
  "val_acc": [
    0.8833333333333333,
    0.9611111111111111,
    0.9555555555555556,
    0.9722222222222222,
    0.9722222222222222
  ],
  "train_f1": [
    0.823943661971831,
    0.9314720812182741,
    0.9607097591888466,
    0.9546599496221663,
    0.9669211195928753
  ],
  "val_f1": [
    0.8852459016393442,
    0.964824120603015,
    0.9587628865979382,
    0.9746192893401016,
    0.9748743718592965
  ]
}