Modèle,Moyenne IoU,Écart-type IoU,Médiane IoU,IoU Avec épines,IoU Sans épines
Partie 2 - Même résolution,0.506130978009767,0.13302466084400794,0.5239183306694031,0.5401072800159454,0.46460438666888226
Partie 1 - Config A,0.11452055649149567,0.11467133860792457,0.07982978597283363,0.08932251324248029,0.14531816490695892
Partie 1 - Config B,0.4818584728158183,0.13084754575944824,0.4995568096637726,0.5154895392632244,0.4407538360467664
Partie 1 - Config C1,0.4593502891146474,0.15067940098130012,0.48021602630615234,0.49980334651590597,0.40990766340199813
Partie 1 - Config C2,0.20528676320294229,0.13566773860116998,0.18843120336532593,0.16815183998433628,0.25067389158123854
Partie 2 - Même résolution,0.19186893384030554,0.16732507432880692,0.1445619910955429,0.1326994141216879,0.264187235718616
