{
  "train_loss": [
    0.7003518548276689
  ],
  "val_loss": [
    0.6258697460095087
  ],
  "train_acc": [
    0.5933147632311978
  ],
  "val_acc": [
    0.7555555555555555
  ],
  "train_f1": [
    0.6532066508313539
  ],
  "val_f1": [
    0.7981651376146789
  ]
}