{
  "train_loss": [
    0.40395378404193455,
    0.1869876842531893,
    0.1170952924216787,
    0.11149777231944932,
    0.08509349490826329
  ],
  "val_loss": [
    0.24173480520645776,
    0.11140705924481153,
    0.12291344751914342,
    0.07664169549631576,
    0.07327631775600214
  ],
  "train_acc": [
    0.8008356545961003,
    0.935933147632312,
    0.958217270194986,
    0.9623955431754875,
    0.967966573816156
  ],
  "val_acc": [
    0.9,
    0.9611111111111111,
    0.9666666666666667,
    0.9666666666666667,
    0.9722222222222222
  ],
  "train_f1": [
    0.827503015681544,
    0.9420654911838791,
    0.9617346938775511,
    0.96569250317662,
    0.9706257982120051
  ],
  "val_f1": [
    0.9032258064516129,
    0.964824120603015,
    0.9693877551020408,
    0.97,
    0.9751243781094527
  ]
}