{
  "train_loss": [
    1.5135544472270541,
    1.506018058458964,
    1.4628826909595065,
    1.4357363700866699,
    1.4376797543631659
  ],
  "val_loss": [
    0.5689226531464121,
    0.5646403587382772,
    0.6223869453305784,
    0.6146003642807836,
    0.514323951109596
  ],
  "train_acc": [
    0.6183844011142061,
    0.6253481894150418,
    0.6727019498607242,
    0.6727019498607242,
    0.6796657381615598
  ],
  "val_acc": [
    0.7111111111111111,
    0.7111111111111111,
    0.5944444444444444,
    0.6111111111111112,
    0.7555555555555555
  ],
  "train_f1": [
    0.6682808716707022,
    0.6770708283313326,
    0.7058823529411765,
    0.7130647130647131,
    0.7215496368038741
  ],
  "val_f1": [
    0.7719298245614035,
    0.7758620689655172,
    0.7265917602996255,
    0.7265625,
    0.8053097345132744
  ]
}