{
  "train_loss": [
    0.6752086152201113,
    0.6538772349772246,
    0.6573915766633075,
    0.6428282520045405,
    0.6376442157703898
  ],
  "val_loss": [
    0.600626140832901,
    0.5955097178618113,
    0.5823015868663788,
    0.5630648036797842,
    0.55800861120224
  ],
  "train_acc": [
    0.5835654596100278,
    0.596100278551532,
    0.6058495821727019,
    0.6253481894150418,
    0.6030640668523677
  ],
  "val_acc": [
    0.7444444444444445,
    0.6555555555555556,
    0.7666666666666667,
    0.6444444444444445,
    0.8111111111111111
  ],
  "train_f1": [
    0.6559263521288837,
    0.6741573033707865,
    0.656969696969697,
    0.6483660130718955,
    0.6932185145317545
  ],
  "val_f1": [
    0.7870370370370371,
    0.7459016393442623,
    0.7666666666666667,
    0.7398373983739838,
    0.8333333333333334
  ]
}