{
  "train_loss": [
    0.38678262896007964,
    0.24061503203378784,
    0.18809052134553592,
    0.1842059311353498,
    0.12043626958297358
  ],
  "val_loss": [
    0.18175889427463213,
    0.13922299506763616,
    0.14374458991611996,
    0.1343912249431014,
    0.11322479501056175
  ],
  "train_acc": [
    0.8286908077994429,
    0.9052924791086351,
    0.9178272980501393,
    0.9303621169916435,
    0.9526462395543176
  ],
  "val_acc": [
    0.9277777777777778,
    0.9388888888888889,
    0.9444444444444444,
    0.9555555555555556,
    0.9666666666666667
  ],
  "train_f1": [
    0.8498168498168498,
    0.9125964010282777,
    0.9248407643312102,
    0.9360613810741688,
    0.9568527918781726
  ],
  "val_f1": [
    0.9353233830845771,
    0.9463414634146341,
    0.9484536082474226,
    0.9583333333333334,
    0.9693877551020408
  ]
}