{
  "train_loss": [
    0.38820010241534975,
    0.24880900490615104,
    0.1854488300366534,
    0.1799381438849701,
    0.11560610429280334
  ],
  "val_loss": [
    0.18664247853060564,
    0.14771164457003275,
    0.16095824989800653,
    0.134031401326259,
    0.1159112910196806
  ],
  "train_acc": [
    0.8203342618384402,
    0.9011142061281338,
    0.9233983286908078,
    0.9289693593314763,
    0.9610027855153204
  ],
  "val_acc": [
    0.9333333333333333,
    0.9388888888888889,
    0.9277777777777778,
    0.95,
    0.9555555555555556
  ],
  "train_f1": [
    0.8428745432399513,
    0.9095541401273886,
    0.9302915082382763,
    0.9346991037131882,
    0.9646464646464646
  ],
  "val_f1": [
    0.9393939393939394,
    0.9463414634146341,
    0.9326424870466321,
    0.9538461538461539,
    0.9591836734693877
  ]
}