{
  "train_loss": [
    0.6754216007564379,
    0.6457313299179077,
    0.6652542534081832,
    0.6222004501715951,
    0.6206993667975716
  ],
  "val_loss": [
    0.5927466750144958,
    0.5876020888487498,
    0.6032760639985403,
    0.5413716733455658,
    0.5382812023162842
  ],
  "train_acc": [
    0.5793871866295265,
    0.584958217270195,
    0.5905292479108635,
    0.628133704735376,
    0.6044568245125348
  ],
  "val_acc": [
    0.7166666666666667,
    0.7555555555555555,
    0.6333333333333333,
    0.7055555555555556,
    0.7555555555555555
  ],
  "train_f1": [
    0.6599099099099099,
    0.6710816777041942,
    0.6325,
    0.6707768187422934,
    0.6952789699570815
  ],
  "val_f1": [
    0.7713004484304933,
    0.7528089887640449,
    0.56,
    0.7725321888412017,
    0.8018018018018018
  ]
}