{
  "train_loss": [
    1.4800441053178575,
    1.4464120931095548,
    1.3987361510594687,
    1.3636355287498898,
    1.356932947370741
  ],
  "val_loss": [
    0.570369831893755,
    0.5484766247479812,
    0.5879926357580267,
    0.6263508330220762,
    0.5107361713181371
  ],
  "train_acc": [
    0.6016713091922006,
    0.6155988857938719,
    0.6573816155988857,
    0.6782729805013927,
    0.6740947075208914
  ],
  "val_acc": [
    0.7666666666666667,
    0.7888888888888889,
    0.6166666666666667,
    0.6111111111111112,
    0.7611111111111111
  ],
  "train_f1": [
    0.6603325415676959,
    0.6714285714285714,
    0.6829896907216495,
    0.7240143369175627,
    0.7167070217917676
  ],
  "val_f1": [
    0.8073394495412844,
    0.8240740740740741,
    0.7272727272727273,
    0.7265625,
    0.8088888888888889
  ]
}