{
  "train_loss": [
    0.6876224961545733
  ],
  "val_loss": [
    0.6200891385475794
  ],
  "train_acc": [
    0.596100278551532
  ],
  "val_acc": [
    0.6944444444444444
  ],
  "train_f1": [
    0.6741573033707865
  ],
  "val_f1": [
    0.7639484978540773
  ]
}