{
  "train_loss": [
    0.698035188515981
  ],
  "val_loss": [
    0.6150901814301809
  ],
  "train_acc": [
    0.6016713091922006
  ],
  "val_acc": [
    0.5833333333333334
  ],
  "train_f1": [
    0.6757369614512472
  ],
  "val_f1": [
    0.7191011235955056
  ]
}